"LeadSNP","log10P_LeadSNP","Locus","RSID","chr_hg38","start_hg38","end_hg38"
"rs531763",245.801342913046,"chr11_64334591_64834591","rs2360872","chr11",64585928,64585938
"rs531763",245.801342913046,"chr11_64334591_64834591","rs505802","chr11",64589595,64589605
"rs531763",245.801342913046,"chr11_64334591_64834591","rs11602903","chr11",64590764,64590774
"rs531763",245.801342913046,"chr11_64334591_64834591","rs524023","chr11",64590788,64590798
"rs531763",245.801342913046,"chr11_64334591_64834591","rs9734313","chr11",64590834,64590844
"rs531763",245.801342913046,"chr11_64334591_64834591","rs559946","chr11",64591128,64591138
"rs531763",245.801342913046,"chr11_64334591_64834591","rs3825018","chr11",64591332,64591342
"rs531763",245.801342913046,"chr11_64334591_64834591","rs2277311","chr11",64620455,64620465
"rs531763",245.801342913046,"chr11_64334591_64834591","rs518053","chr11",64688622,64688632
"rs531763",245.801342913046,"chr11_64334591_64834591","rs519090","chr11",64688763,64688773
"rs57652769",26.634699251362,"chr16_79470079_79970079","rs17689455","chr16",79712433,79712443
"rs57652769",26.634699251362,"chr16_79470079_79970079","rs4575545","chr16",79721544,79721554
"rs57652769",26.634699251362,"chr16_79470079_79970079","rs4077450","chr16",79897693,79897703
"rs1359232",158.252588192114,"chr6_25559488_26059488","rs765285","chr6",25828009,25828019
"rs1359232",158.252588192114,"chr6_25559488_26059488","rs1165183","chr6",25836147,25836157
"rs531763",245.801342913046,"chr11_64334591_64834591","rs12802649","chr11",64592150,64592160
"rs531763",245.801342913046,"chr11_64334591_64834591","rs893007","chr11",64598191,64598201
"rs531763",245.801342913046,"chr11_64334591_64834591","rs1529909","chr11",64598466,64598476
"rs531763",245.801342913046,"chr11_64334591_64834591","rs11607663","chr11",64601193,64601203
"rs531763",245.801342913046,"chr11_64334591_64834591","rs7932437","chr11",64606027,64606037
"rs531763",245.801342913046,"chr11_64334591_64834591","rs555456","chr11",64650782,64650792
"rs1359232",158.252588192114,"chr6_25559488_26059488","rs11754288","chr6",25776716,25776726
"rs57652769",26.634699251362,"chr16_79470079_79970079","rs4334315","chr16",79722295,79722305
"rs1359232",158.252588192114,"chr6_25559488_26059488","rs1165177","chr6",25829426,25829436
"rs531763",245.801342913046,"chr11_64334591_64834591","rs10792441","chr11",64593152,64593162
"rs531763",245.801342913046,"chr11_64334591_64834591","rs537246","chr11",64593153,64593163
"rs531763",245.801342913046,"chr11_64334591_64834591","rs10897518","chr11",64593228,64593238
"rs1359232",158.252588192114,"chr6_25559488_26059488","rs3799344","chr6",25786760,25786770
"rs1359232",158.252588192114,"chr6_25559488_26059488","rs1165182","chr6",25837596,25837606
"rs57652769",26.634699251362,"chr16_79470079_79970079","rs58722186","chr16",79717689,79717699
"rs531763",245.801342913046,"chr11_64334591_64834591","rs544838","chr11",64661582,64661592
