"idxATAC","idxRNA","Correlation","FDR","VarQATAC","VarQRNA","gene","chr","start","end","LeadSNP","log10P_LeadSNP","Locus","RSID","chr_hg38","start_hg38","end_hg38"
231025,6990,0.82,1.04561704972482e-117,0.966583667651461,0.940268313458262,"MAF","chr16","79721307","79721807","rs57652769",26.634699251362,"chr16_79470079_79970079","rs4575545","chr16",79721544,79721554
231021,6990,0.7,1.01539431325955e-69,0.591609121079726,0.940268313458262,"MAF","chr16","79712227","79712727","rs57652769",26.634699251362,"chr16_79470079_79970079","rs17689455","chr16",79712433,79712443
102543,15018,0.86,1.47852153011136e-141,0.805367904745234,0.999041737649063,"SLC17A1","chr6","25835843","25836343","rs1359232",158.252588192114,"chr6_25559488_26059488","rs1165183","chr6",25836147,25836157
102543,15019,0.76,4.37456175011057e-90,0.805367904745234,0.988234667802385,"SLC17A3","chr6","25835843","25836343","rs1359232",158.252588192114,"chr6_25559488_26059488","rs1165183","chr6",25836147,25836157
102543,15017,0.82,1.24107256319695e-116,0.805367904745234,0.95144804088586,"SLC17A4","chr6","25835843","25836343","rs1359232",158.252588192114,"chr6_25559488_26059488","rs1165183","chr6",25836147,25836157
176153,3194,0.88,1.4399077899525e-152,0.895892799091179,0.96326660988075,"SLC22A11","chr11","64585708","64586208","rs531763",245.801342913046,"chr11_64334591_64834591","rs2360872","chr11",64585928,64585938
176154,3194,0.82,1.47340083236271e-116,0.800480846518507,0.96326660988075,"SLC22A11","chr11","64589263","64589763","rs531763",245.801342913046,"chr11_64334591_64834591","rs505802","chr11",64589595,64589605
176156,3194,0.78,1.07772274929762e-96,0.941533921828503,0.96326660988075,"SLC22A11","chr11","64590846","64591346","rs531763",245.801342913046,"chr11_64334591_64834591","rs559946","chr11",64591128,64591138
176156,3194,0.78,1.07772274929762e-96,0.941533921828503,0.96326660988075,"SLC22A11","chr11","64590846","64591346","rs531763",245.801342913046,"chr11_64334591_64834591","rs3825018","chr11",64591332,64591342
176155,3194,0.67,7.68416219381761e-63,0.401635449748681,0.96326660988075,"SLC22A11","chr11","64590297","64590797","rs531763",245.801342913046,"chr11_64334591_64834591","rs11602903","chr11",64590764,64590774
176155,3194,0.67,7.68416219381761e-63,0.401635449748681,0.96326660988075,"SLC22A11","chr11","64590297","64590797","rs531763",245.801342913046,"chr11_64334591_64834591","rs524023","chr11",64590788,64590798
176167,3194,0.78,1.61116671539852e-96,0.52288307856089,0.96326660988075,"SLC22A11","chr11","64605588","64606088","rs531763",245.801342913046,"chr11_64334591_64834591","rs7932437","chr11",64606027,64606037
176167,3195,0.76,6.42040140114335e-88,0.52288307856089,0.877555366269165,"SLC22A12","chr11","64605588","64606088","rs531763",245.801342913046,"chr11_64334591_64834591","rs7932437","chr11",64606027,64606037
176154,3195,0.77,1.92596619510794e-95,0.800480846518507,0.877555366269165,"SLC22A12","chr11","64589263","64589763","rs531763",245.801342913046,"chr11_64334591_64834591","rs505802","chr11",64589595,64589605
176153,3195,0.84,1.10813917299651e-124,0.895892799091179,0.877555366269165,"SLC22A12","chr11","64585708","64586208","rs531763",245.801342913046,"chr11_64334591_64834591","rs2360872","chr11",64585928,64585938
176155,3195,0.63,1.81032605268195e-53,0.401635449748681,0.877555366269165,"SLC22A12","chr11","64590297","64590797","rs531763",245.801342913046,"chr11_64334591_64834591","rs11602903","chr11",64590764,64590774
176155,3195,0.63,1.81032605268195e-53,0.401635449748681,0.877555366269165,"SLC22A12","chr11","64590297","64590797","rs531763",245.801342913046,"chr11_64334591_64834591","rs524023","chr11",64590788,64590798
176156,3195,0.73,1.22384017917671e-80,0.941533921828503,0.877555366269165,"SLC22A12","chr11","64590846","64591346","rs531763",245.801342913046,"chr11_64334591_64834591","rs559946","chr11",64591128,64591138
176156,3195,0.73,1.22384017917671e-80,0.941533921828503,0.877555366269165,"SLC22A12","chr11","64590846","64591346","rs531763",245.801342913046,"chr11_64334591_64834591","rs3825018","chr11",64591332,64591342
